{"_runtime":0,"acc":0.7916387024420086,"loss":0.15541490820309548,"_timestamp":1.772132845416678e+09,"_step":7,"_wandb":{"runtime":0}}