{"_step":7,"_wandb":{"runtime":0},"_runtime":0,"acc":0.7343912533527169,"loss":0.21249303015802698,"_timestamp":1.7721327868933198e+09}